{"cameraMode":{"drawMode":0,"name":"Shaded","section":"Shading Mode"},"sceneLighting":true,"audioPlay":false,"sceneViewState":{"m_AlwaysRefresh":false,"showFog":true,"showSkybox":true,"showFlares":true,"showImageEffects":true,"showParticleSystems":true,"showVisualEffectGraphs":true,"m_FxEnabled":true},"in2DMode":false,"pivot":{"x":0.1332387924194336,"y":0.022206783294677736,"z":89.99555969238281},"rotation":{"x":0.00015296463971026242,"y":0.9994831681251526,"z":-0.004807078279554844,"w":0.03179522231221199},"size":10.329947471618653,"orthographic":false}